{"cameraMode":{"drawMode":0,"name":"Shaded","section":"Shading Mode"},"sceneLighting":false,"audioPlay":false,"sceneViewState":{"showFog":true,"showMaterialUpdate":true,"showSkybox":false,"showFlares":true,"showImageEffects":true,"showParticleSystems":true},"in2DMode":false,"pivot":{"x":-15.800000190734864,"y":0.8708246946334839,"z":0.554112434387207},"rotation":{"x":0.27325722575187685,"y":0.6484514474868774,"z":-0.269504189491272,"w":0.6574596762657166},"size":1.31427800655365,"orthographic":false}