{"cameraMode":{"drawMode":0,"name":"Shaded","section":"Shading Mode"},"sceneLighting":true,"audioPlay":false,"sceneViewState":{"showFog":true,"showMaterialUpdate":false,"showSkybox":true,"showFlares":true,"showImageEffects":true,"showParticleSystems":true},"in2DMode":false,"pivot":{"x":67.58002471923828,"y":8.695281982421875,"z":11.539915084838868},"rotation":{"x":0.29839691519737246,"y":-0.07179943472146988,"z":0.02250591106712818,"w":0.9514835476875305},"size":16.590002059936525,"orthographic":false}