{"cameraMode":{"drawMode":0,"name":"Shaded","section":"Shading Mode"},"sceneLighting":true,"audioPlay":false,"sceneViewState":{"showFog":true,"showMaterialUpdate":false,"showSkybox":true,"showFlares":true,"showImageEffects":true,"showParticleSystems":true},"in2DMode":false,"pivot":{"x":27.385726928710939,"y":-4.525147914886475,"z":9.06521224975586},"rotation":{"x":0.3136475086212158,"y":0.1031312420964241,"z":-0.03429127857089043,"w":0.9433013200759888},"size":5.222678184509277,"orthographic":false}