{"cameraMode":{"drawMode":0,"name":"Shaded","section":"Shading Mode"},"sceneLighting":true,"audioPlay":false,"sceneViewState":{"showFog":true,"showMaterialUpdate":false,"showSkybox":true,"showFlares":true,"showImageEffects":true,"showParticleSystems":true},"in2DMode":false,"pivot":{"x":41.538719177246097,"y":-5.983392715454102,"z":20.270158767700197},"rotation":{"x":0.1508665382862091,"y":0.370465487241745,"z":-0.06111881881952286,"w":0.9144949316978455},"size":12.080365180969239,"orthographic":false}