{"cameraMode":{"drawMode":0,"name":"Shaded","section":"Shading Mode"},"sceneLighting":false,"audioPlay":false,"sceneViewState":{"showFog":false,"showMaterialUpdate":false,"showSkybox":false,"showFlares":false,"showImageEffects":false,"showParticleSystems":false},"in2DMode":false,"pivot":{"x":33.49647521972656,"y":-0.7503378391265869,"z":12.44128704071045},"rotation":{"x":-0.07549409568309784,"y":-0.9170565605163574,"z":0.3311189115047455,"w":-0.20906643569469453},"size":1.618055820465088,"orthographic":false}