{"cameraMode":{"drawMode":0,"name":"Shaded","section":"Shading Mode"},"sceneLighting":true,"audioPlay":false,"sceneViewState":{"showFog":true,"showMaterialUpdate":false,"showSkybox":true,"showFlares":true,"showImageEffects":true,"showParticleSystems":true},"in2DMode":false,"pivot":{"x":40.752716064453128,"y":-38.28481674194336,"z":3.0670852661132814},"rotation":{"x":0.006257171276956797,"y":0.9434196352958679,"z":-0.3310714066028595,"w":0.017831409350037576},"size":37.96700668334961,"orthographic":false}