{"cameraMode":{"drawMode":0,"name":"Shaded","section":"Shading Mode"},"sceneLighting":false,"audioPlay":false,"sceneViewState":{"showFog":false,"showMaterialUpdate":false,"showSkybox":false,"showFlares":false,"showImageEffects":false,"showParticleSystems":false},"in2DMode":false,"pivot":{"x":30.704021453857423,"y":-0.7018171548843384,"z":15.706509590148926},"rotation":{"x":-0.23738312721252442,"y":0.3901372253894806,"z":-0.1048358753323555,"w":-0.8834546804428101},"size":1.8336966037750245,"orthographic":false}