{"cameraMode":{"drawMode":0,"name":"Shaded","section":"Shading Mode"},"sceneLighting":true,"audioPlay":false,"sceneViewState":{"showFog":true,"showMaterialUpdate":false,"showSkybox":true,"showFlares":true,"showImageEffects":true,"showParticleSystems":true},"in2DMode":false,"pivot":{"x":84.80420684814453,"y":-5.932755947113037,"z":31.97362518310547},"rotation":{"x":-0.36679789423942568,"y":0.0385039858520031,"z":-0.015200501307845116,"w":-0.9293936491012573},"size":9.058780670166016,"orthographic":false}