{"cameraMode":{"drawMode":0,"name":"Shaded","section":"Shading Mode"},"sceneLighting":true,"audioPlay":false,"sceneViewState":{"showFog":true,"showMaterialUpdate":true,"showSkybox":true,"showFlares":true,"showImageEffects":true,"showParticleSystems":true},"in2DMode":false,"pivot":{"x":-114.53602600097656,"y":266.5046081542969,"z":35.77360534667969},"rotation":{"x":-0.014134618453681469,"y":-0.8581756353378296,"z":-0.023704512044787408,"w":0.5126455426216126},"size":162.4715118408203,"orthographic":false}