{"cameraMode":{"drawMode":0,"name":"Shaded","section":"Shading Mode"},"sceneLighting":true,"audioPlay":false,"sceneViewState":{"showFog":false,"showMaterialUpdate":false,"showSkybox":false,"showFlares":false,"showImageEffects":false,"showParticleSystems":false},"in2DMode":false,"pivot":{"x":47.914920806884769,"y":-0.2421875,"z":49.58087921142578},"rotation":{"x":-0.07242386788129807,"y":-0.9180272221565247,"z":0.1979733109474182,"w":-0.3358386158943176},"size":51.98246765136719,"orthographic":true}