{"cameraMode":{"drawMode":0,"name":"Shaded","section":"Shading Mode"},"sceneLighting":true,"audioPlay":false,"sceneViewState":{"showFog":true,"showMaterialUpdate":false,"showSkybox":true,"showFlares":true,"showImageEffects":true,"showParticleSystems":true},"in2DMode":false,"pivot":{"x":37.480560302734378,"y":-20.689109802246095,"z":60.155616760253909},"rotation":{"x":-0.24513517320156098,"y":-0.12809762358665467,"z":0.032694749534130099,"w":-0.9604357481002808},"size":35.60274124145508,"orthographic":false}