{"cameraMode":{"drawMode":0,"name":"Shaded","section":"Shading Mode"},"sceneLighting":false,"audioPlay":false,"sceneViewState":{"showFog":false,"showMaterialUpdate":false,"showSkybox":false,"showFlares":false,"showImageEffects":false,"showParticleSystems":false},"in2DMode":false,"pivot":{"x":31.791128158569337,"y":-0.7611167430877686,"z":12.517766952514649},"rotation":{"x":0.04816107079386711,"y":-0.9284664392471314,"z":0.34471896290779116,"w":0.1297599822282791},"size":3.418055534362793,"orthographic":false}