{"cameraMode":{"drawMode":0,"name":"Shaded","section":"Shading Mode"},"sceneLighting":true,"audioPlay":false,"sceneViewState":{"showFog":true,"showMaterialUpdate":true,"showSkybox":true,"showFlares":true,"showImageEffects":true,"showParticleSystems":true},"in2DMode":false,"pivot":{"x":79.89935302734375,"y":-0.3898792266845703,"z":39.712162017822269},"rotation":{"x":-0.047304049134254459,"y":-0.9476022720336914,"z":0.27075284719467165,"w":-0.16362881660461427},"size":2.749279737472534,"orthographic":false}