{"cameraMode":{"drawMode":0,"name":"Shaded","section":"Shading Mode"},"sceneLighting":true,"audioPlay":false,"sceneViewState":{"showFog":true,"showMaterialUpdate":false,"showSkybox":true,"showFlares":true,"showImageEffects":true,"showParticleSystems":true},"in2DMode":false,"pivot":{"x":43.525604248046878,"y":-3.685466766357422,"z":47.38542175292969},"rotation":{"x":0.14342118799686433,"y":0.8534970879554749,"z":-0.39132586121559145,"w":0.31280502676963808},"size":3.5147385597229006,"orthographic":true}