{"cameraMode":{"drawMode":0,"name":"Shaded","section":"Shading Mode"},"sceneLighting":true,"audioPlay":false,"sceneViewState":{"showFog":true,"showMaterialUpdate":false,"showSkybox":true,"showFlares":true,"showImageEffects":true,"showParticleSystems":true},"in2DMode":false,"pivot":{"x":25.117887496948243,"y":0.30796384811401369,"z":5.150649070739746},"rotation":{"x":-0.21219325065612794,"y":-0.6319669485092163,"z":0.18576644361019135,"w":-0.7218649387359619},"size":2.0923540592193605,"orthographic":false}