{"cameraMode":{"drawMode":0,"name":"Shaded","section":"Shading Mode"},"sceneLighting":false,"audioPlay":false,"sceneViewState":{"showFog":false,"showMaterialUpdate":false,"showSkybox":false,"showFlares":false,"showImageEffects":false,"showParticleSystems":false},"in2DMode":false,"pivot":{"x":-10.601987838745118,"y":4.538239479064941,"z":-18.350942611694337},"rotation":{"x":0.17250168323516847,"y":0.5725353360176086,"z":-0.12471481412649155,"w":0.7917823195457459},"size":0.6185770630836487,"orthographic":false}