{"cameraMode":{"drawMode":0,"name":"Shaded","section":"Shading Mode"},"sceneLighting":true,"audioPlay":false,"sceneViewState":{"showFog":true,"showMaterialUpdate":true,"showSkybox":true,"showFlares":true,"showImageEffects":true,"showParticleSystems":true},"in2DMode":false,"pivot":{"x":44.201202392578128,"y":-6.615201950073242,"z":12.525774002075196},"rotation":{"x":-0.08658169955015183,"y":-0.9119547009468079,"z":0.3131827414035797,"w":-0.2509786784648895},"size":19.374074935913087,"orthographic":false}