{"cameraMode":{"drawMode":0,"name":"Shaded","section":"Shading Mode"},"sceneLighting":true,"audioPlay":false,"sceneViewState":{"showFog":false,"showMaterialUpdate":false,"showSkybox":false,"showFlares":false,"showImageEffects":false,"showParticleSystems":false},"in2DMode":false,"pivot":{"x":33.75199890136719,"y":16.285409927368165,"z":83.36055755615235},"rotation":{"x":0.18953073024749757,"y":-0.8084263801574707,"z":0.36105504631996157,"w":0.42454618215560915},"size":1.376013994216919,"orthographic":false}