{"cameraMode":{"drawMode":0,"name":"Shaded","section":"Shading Mode"},"sceneLighting":false,"audioPlay":false,"sceneViewState":{"showFog":false,"showMaterialUpdate":false,"showSkybox":false,"showFlares":false,"showImageEffects":false,"showParticleSystems":false},"in2DMode":false,"pivot":{"x":32.723785400390628,"y":-0.5973846912384033,"z":15.94758415222168},"rotation":{"x":-0.31122276186943056,"y":-0.012497538700699807,"z":0.004085604567080736,"w":-0.9502674341201782},"size":2.4336965084075929,"orthographic":false}