{"cameraMode":{"drawMode":0,"name":"Shaded","section":"Shading Mode"},"sceneLighting":true,"audioPlay":false,"sceneViewState":{"showFog":true,"showMaterialUpdate":false,"showSkybox":true,"showFlares":true,"showImageEffects":true,"showParticleSystems":true},"in2DMode":false,"pivot":{"x":38.05127716064453,"y":-1.3465538024902344,"z":35.880287170410159},"rotation":{"x":-0.27405688166618349,"y":-0.45780253410339358,"z":0.1505529284477234,"w":-0.8323265910148621},"size":20.17051887512207,"orthographic":false}