{"cameraMode":{"drawMode":0,"name":"Shaded","section":"Shading Mode"},"sceneLighting":false,"audioPlay":false,"sceneViewState":{"showFog":true,"showMaterialUpdate":true,"showSkybox":false,"showFlares":true,"showImageEffects":true,"showParticleSystems":true},"in2DMode":false,"pivot":{"x":-18.561315536499025,"y":1.5149050951004029,"z":0.7156675457954407},"rotation":{"x":-0.018938228487968446,"y":-0.9493775367736816,"z":0.30869999527931216,"w":-0.05709625035524368},"size":0.14985017478466035,"orthographic":false}